Post|Time|UserName|Text
deck|2020-05-01_20:23:32|Lalka|kjgvurbt rvrt555
deck|2020-05-01_20:28:05|Anonimus|09984848
deck|2020-05-01_20:41:11|Anonimus|ololktifirnf48f4 
deck|2020-05-01_20:41:23|ololo|123
deck|2020-05-02_22:25:00|Anonimus|putska
deck|2020-05-02_22:25:11|Anonimus|puts
deck|2020-05-02_22:25:19|Anonimus|120993894
deck|2020-05-02_22:25:33|Anonimus|polopolo[p
deck|2020-05-02_22:25:47|Anonimus|dididididi
deck|2020-05-03_20:23:32|Lalka|kjgvurbt rvrt555
deck|2020-05-03_20:28:05|Anonimus|09984848
deck|2020-05-03_20:41:11|Anonimus|ololktifirnf48f4 
deck|2020-05-04_20:41:23|ololo|123
deck|2020-05-04_22:25:00|Anonimus|putska
deck|2020-05-04_22:25:11|Anonimus|puts
deck|2020-05-04_22:25:19|Anonimus|120993894
deck|2020-05-05_22:25:33|Anonimus|polopolo[p
deck|2020-05-06_22:25:47|Anonimus|dididididi
dinghies|2020-05-03_14:09:27|Anonimus|ШЛЮПКИ???
